run_id,prompt_id,condition,repetition_id,timestamp,model_name,prompt_text,full_output_text,token_count,total_marker_score,delta_p0,cosine_similarity,perplexity,error_flag,notes,finish_reason,marker_counts_by_category,marker_counts
tq01__control__rep1,tq01,control,1,2026-06-12T15:32:35.131977+00:00,Qwen/Qwen3.5-9B,"Сформулируй краткое академическое объяснение того, почему позиция применения logit bias может влиять на дискурсивные маркеры. Пиши в академическом стиле, без списков.","Применение логит-смещения в генеративных моделях существенно трансформирует дискурсивную архитектуру текста, поскольку оно напрямую манипулирует вероятностным распределением токенов на уровне logits. Увеличение веса целевых маркеров, таких как оценочные эпитеты или риторические связки, не просто повышает их частоту, но и меняет семантическую плотность и когнитивную дистанцию изложения, подталкивая модель к более категоричным или специфическим стилистическим паттернам. Однако следует признать, что степень этого влияния варьируется в зависимости от контекста и исходных данных обучения, так как алгоритм может компенсировать внешнее смещение, опираясь на внутренние языковые закономерности.

В результате наблюдаемое изменение дискурсивных маркеров часто носит нелинейный характер, где чрезмерное усиление определенных признаков может привести к искусственной стилизации или потере нюансов оригинального смысла. Это создает сложную",110,0.00909090909090909,0.0,1.0,86.530608,False,generation_approach=segment_approximation | segment=full:bias=off | delta_p0_mode=text_frequency_proxy | similarity_method=token_count_cosine | perplexity_method=control_bigram_proxy,length,"{""anglocentric_formulas"": {""count"": 0, ""normalized"": 0.0}, ""argument_development"": {""count"": 0, ""normalized"": 0.0}, ""hedging_epistemic"": {""count"": 0, ""normalized"": 0.0}, ""intensification_assertiveness"": {""count"": 0, ""normalized"": 0.0}, ""logical_structuring"": {""count"": 1, ""normalized"": 0.00909090909090909}}","{""однако"": 1}"
tq01__early__rep1,tq01,early,1,2026-06-12T15:32:35.132148+00:00,Qwen/Qwen3.5-9B,"Сформулируй краткое академическое объяснение того, почему позиция применения logit bias может влиять на дискурсивные маркеры. Пиши в академическом стиле, без списков.","Принцип logit bias существенно трансформирует вероятностное распределение токенизации модели за счет искусственного повышения или понижения шансов появления целевых слов. Это вмешательство неизбежно ведет к модификации дискурсивных маркеров: частвы использования таких маркеров, как модальные глаголы или связки, может смещаться, что приводит к изменению тонкости аргументации и степени неопределенности в тексте. Если алгоритм принудительно увеличивает вероятность определенных терминов, модель может терять естественную когерентность, вынужденно встраивая их в контекст, где они были бы стилистически или логически избыточны. Следовательно, наблюдаемые изменения в дискурсивной структуре следует интерпретировать не как отражение истинных интенций модели, а как артефакт оптимизации функции потерь, требующие осторожного анализа при оценке качества генерируемого контента.",102,0.00980392156862745,0.000713,0.406302,171.785625,False,generation_approach=segment_approximation | segment=early:bias=on | segment=rest:bias=off | delta_p0_mode=text_frequency_proxy | similarity_method=token_count_cosine | perplexity_method=control_bigram_proxy,stop,"{""anglocentric_formulas"": {""count"": 0, ""normalized"": 0.0}, ""argument_development"": {""count"": 0, ""normalized"": 0.0}, ""hedging_epistemic"": {""count"": 0, ""normalized"": 0.0}, ""intensification_assertiveness"": {""count"": 0, ""normalized"": 0.0}, ""logical_structuring"": {""count"": 1, ""normalized"": 0.00980392156862745}}","{""следовательно"": 1}"
tq01__mid__rep1,tq01,mid,1,2026-06-12T15:32:39.669473+00:00,Qwen/Qwen3.5-9B,"Сформулируй краткое академическое объяснение того, почему позиция применения logit bias может влиять на дискурсивные маркеры. Пиши в академическом стиле, без списков.","Применение логит-смещения в генеративных моделях оказывает существенное влияние на дискурсивные маркеры, поскольку оно напрямую модифицирует вероятностное распределение над токенами на каждом шаге вывода. Этот механизм смещает баланс в сторону определенных лексических единиц или синтаксических конструкций, что неизбежно трансформирует стилистическую окраскувырабатывая специфические паттерны связности или тональности. Например, повышение веса маркеров уверенности может искусственно усилить категоричность высказывания даже при отсутствии соответствующегопри фактической неопределенности исходных данных, что создает риск формирования псевдоавторитетного дискурса. Таким образом, манипуляция параметрами логит-смещения не просто корректирует частотность отдельных слов, но и реконфигурирует внутреннюю логику аргументации, заставляя модель воспроизводить специфические риторики, характерные для определенных жан",95,0.010526315789473684,0.001435,0.358757,161.214971,False,generation_approach=segment_approximation | segment=pre_mid:bias=off | segment=mid:bias=on | segment=post_mid:bias=off | delta_p0_mode=text_frequency_proxy | similarity_method=token_count_cosine | perplexity_method=control_bigram_proxy,length,"{""anglocentric_formulas"": {""count"": 0, ""normalized"": 0.0}, ""argument_development"": {""count"": 0, ""normalized"": 0.0}, ""hedging_epistemic"": {""count"": 0, ""normalized"": 0.0}, ""intensification_assertiveness"": {""count"": 0, ""normalized"": 0.0}, ""logical_structuring"": {""count"": 1, ""normalized"": 0.010526315789473684}}","{""таким образом"": 1}"
tq01__late__rep1,tq01,late,1,2026-06-12T15:32:40.446437+00:00,Qwen/Qwen3.5-9B,"Сформулируй краткое академическое объяснение того, почему позиция применения logit bias может влиять на дискурсивные маркеры. Пиши в академическом стиле, без списков.","Применение logit bias как метода управления генерацией текста может оказывать существенное влияние на дискурсивные маркеры, поскольку алгоритмическое принуждение к частотному увеличению или уменьшению определенных лексем нарушает естественную когезию повествования. Когда модель вынуждена включать специфические термины вопреки контекстуальной логике, это часто приводит к появлению искусственных переходов, нарушению синтаксического ритма и формированию стилистических аномалий, которые не соответствуют нормам целевого дискурса.

Однако степень этого воздействия варьируется в зависимости от интенсивности смещения и архитектуры модели, что требует осторожного толкования наблюдаемых эффектов. Хотя logit bias эффективно решает задачу повышениястепени целевых терминов. Важно отметить, что такие искажения могут быть как функциональными инструментами для коррекции смещенных данных или усиления ключевых идей дискурса при контролируемом вмешательстве исследователя. Темnevertheless",110,0.02727272727272727,0.018182,0.341262,166.625043,False,generation_approach=segment_approximation | segment=pre_late:bias=off | segment=late:bias=on | delta_p0_mode=text_frequency_proxy | similarity_method=token_count_cosine | perplexity_method=control_bigram_proxy,length,"{""anglocentric_formulas"": {""count"": 1, ""normalized"": 0.00909090909090909}, ""argument_development"": {""count"": 1, ""normalized"": 0.00909090909090909}, ""hedging_epistemic"": {""count"": 0, ""normalized"": 0.0}, ""intensification_assertiveness"": {""count"": 0, ""normalized"": 0.0}, ""logical_structuring"": {""count"": 1, ""normalized"": 0.00909090909090909}}","{""важно отметить"": 1, ""однако"": 1}"
tq02__control__rep1,tq02,control,1,2026-06-12T15:32:42.957798+00:00,Qwen/Qwen3.5-9B,"Дай осторожную исследовательскую оценку эксперимента с подавлением дискурсивных маркеров через logit bias. Укажи одно преимущество и одно ограничение. Пиши в академическом стиле, без списков.","Применение логит-смещения для подавления дискурсивных маркеров представляет собой перспективный, но требующий осторожной интерпретации метод исследования, позволяющий количественно оценить роль специфических языковых конструкций в формировании смысла. Ключевым преимуществом данного подхода является возможность проведения контролируемых экспериментов в реальном времени, что дает исследователям уникальную возможность наблюдать за динамикой генерации текста и выявлять тонкие зависимости между наличием определенных маркеров и когнитивными процессами модели без необходимости переобучения архитектуры. Однако существенным ограничением остается риск непреднамеренной деградации связности и логической целостности текста, поскольку жесткое ограничение вероятностей может приводить к появлению неестественных оборотов или нарушению контекстуальной согласованности, что затрудняет однозначное выделение причинно-следственных связей наблюдаемых эффектов.",97,0.010309278350515464,0.0,1.0,86.3429,False,generation_approach=segment_approximation | segment=full:bias=off | delta_p0_mode=text_frequency_proxy | similarity_method=token_count_cosine | perplexity_method=control_bigram_proxy,stop,"{""anglocentric_formulas"": {""count"": 0, ""normalized"": 0.0}, ""argument_development"": {""count"": 0, ""normalized"": 0.0}, ""hedging_epistemic"": {""count"": 0, ""normalized"": 0.0}, ""intensification_assertiveness"": {""count"": 0, ""normalized"": 0.0}, ""logical_structuring"": {""count"": 1, ""normalized"": 0.010309278350515464}}","{""однако"": 1}"
tq02__early__rep1,tq02,early,1,2026-06-12T15:32:43.571539+00:00,Qwen/Qwen3.5-9B,"Дай осторожную исследовательскую оценку эксперимента с подавлением дискурсивных маркеров через logit bias. Укажи одно преимущество и одно ограничение. Пиши в академическом стиле, без списков.","Проведение экспериментов по подавлению дискурсивных маркеров через логитоуправление представляет собой перспективный метод исследования механизмов генерации текста больших языковых моделей. Основным преимуществом данного подхода является возможность тонкой количественной оценки влияния конкретныхконкретных лексических единиц на целостность смысловой структуры. Однако существенным ограничением остается риск нецелевого вмешательства, когда подавление маркера приводит к нелогичным семантическим сдвигам или нарушению когерентности, что затрудняет однозначную интерпретацию причинно-следственных связей. Кроме того, эффективность метода может варьироваться в зависимости от архитектуры модели и контекста, что требует осторожности при обобщении результатов на другие задачи. Таким образом, хотя логит-байас предоставляет ценный инструмент для анализа, его применение должно сопровождаться тщательной валидацией и учетом потенциальных побочных эффектов, чтобы избежать ложных выводов о внутренней работе нейросетевых систем.",111,0.02702702702702703,0.016718,0.426151,155.751471,False,generation_approach=segment_approximation | segment=early:bias=on | segment=rest:bias=off | delta_p0_mode=text_frequency_proxy | similarity_method=token_count_cosine | perplexity_method=control_bigram_proxy,stop,"{""anglocentric_formulas"": {""count"": 0, ""normalized"": 0.0}, ""argument_development"": {""count"": 0, ""normalized"": 0.0}, ""hedging_epistemic"": {""count"": 0, ""normalized"": 0.0}, ""intensification_assertiveness"": {""count"": 0, ""normalized"": 0.0}, ""logical_structuring"": {""count"": 3, ""normalized"": 0.02702702702702703}}","{""кроме того"": 1, ""однако"": 1, ""таким образом"": 1}"
tq02__mid__rep1,tq02,mid,1,2026-06-12T15:32:45.450275+00:00,Qwen/Qwen3.5-9B,"Дай осторожную исследовательскую оценку эксперимента с подавлением дискурсивных маркеров через logit bias. Укажи одно преимущество и одно ограничение. Пиши в академическом стиле, без списков.","Применение логит-смещения для подавления дискурсивных маркеров представляет собой перспективный метод управления генерацией текста, однако его исследовательская оценка требует осторожности из-за сложности предсказания итоговых семантических последствий. Основным преимуществом данного подхода является его способность тонко регулировать вероятность появления специфических словесных паттернов в реальном времени, что позволяет гибко адаптировать стильи минимальных вычислительных накладных расходов при интеграции непосредственно внутри декодера модели. Темnevertheless существенным ограничением остается риск непредусмотренной деградации когерентности повНесмотря на локальную эффективность, метод часто приводит к фрагментации логической структуры текста, поскольку принудительное снижение вероятности маркеров нарушает естественные переходы между идеями, что может снижать общую читаемость и убедительность изложения. Кроме того, существует риск появления артефактов, когда модель пытается обойти ограничения, генерируя обходные пути, которые формально не содержат",113,0.017699115044247787,0.00739,0.392335,153.424301,False,generation_approach=segment_approximation | segment=pre_mid:bias=off | segment=mid:bias=on | segment=post_mid:bias=off | delta_p0_mode=text_frequency_proxy | similarity_method=token_count_cosine | perplexity_method=control_bigram_proxy,length,"{""anglocentric_formulas"": {""count"": 0, ""normalized"": 0.0}, ""argument_development"": {""count"": 0, ""normalized"": 0.0}, ""hedging_epistemic"": {""count"": 0, ""normalized"": 0.0}, ""intensification_assertiveness"": {""count"": 0, ""normalized"": 0.0}, ""logical_structuring"": {""count"": 2, ""normalized"": 0.017699115044247787}}","{""кроме того"": 1, ""однако"": 1}"
tq02__late__rep1,tq02,late,1,2026-06-12T15:32:46.734520+00:00,Qwen/Qwen3.5-9B,"Дай осторожную исследовательскую оценку эксперимента с подавлением дискурсивных маркеров через logit bias. Укажи одно преимущество и одно ограничение. Пиши в академическом стиле, без списков.","Применение логит-смещения для подавления дискурсивных маркеров представляет собой перспективный, но требующий осторожной интерпретации метод модификации генерации текста. Основным преимуществом данного подхода является его способность динамически управлять вероятностным распределением токенов в реальном времени, что позволяет эффективно снижать частоту нежелательных стилистических элементов без необходимости полной перетренировки модели. Однако существенным ограничением остается риск непреднамеренного искажения семантической целостности высказывания, поскольку агрессивное подавление маркеров может привести к утрате тонких нюансов авторского голоса или нарушению логической связности текста. Таким образом, хотя метод демонстрирует высокую гибкость в локаТем самым достигается баланс между соблюдением этических норм генерации контента и сохранением естественности языковой модели. Темnevertheless следует признать ограниченную масштабируемость метода при работе со сложными контекстуальными зависимостями, где маркер",109,0.01834862385321101,0.008039,0.487464,141.370723,False,generation_approach=segment_approximation | segment=pre_late:bias=off | segment=late:bias=on | delta_p0_mode=text_frequency_proxy | similarity_method=token_count_cosine | perplexity_method=control_bigram_proxy,length,"{""anglocentric_formulas"": {""count"": 0, ""normalized"": 0.0}, ""argument_development"": {""count"": 0, ""normalized"": 0.0}, ""hedging_epistemic"": {""count"": 0, ""normalized"": 0.0}, ""intensification_assertiveness"": {""count"": 0, ""normalized"": 0.0}, ""logical_structuring"": {""count"": 2, ""normalized"": 0.01834862385321101}}","{""однако"": 1, ""таким образом"": 1}"
